{"cameraMode":{"drawMode":0,"name":"Shaded","section":"Shading Mode"},"sceneLighting":true,"audioPlay":false,"sceneViewState":{"m_AlwaysRefresh":false,"showFog":true,"showSkybox":true,"showFlares":true,"showImageEffects":true,"showParticleSystems":true,"showVisualEffectGraphs":true,"m_FxEnabled":true},"in2DMode":false,"pivot":{"x":-10.624610900878907,"y":0.05122733116149902,"z":-8.637110710144043},"rotation":{"x":0.4206326901912689,"y":-0.1631661206483841,"z":0.07719382643699646,"w":0.8890964388847351},"size":7.8792338371276859,"orthographic":true}